TDSFU Daily run: Mon Oct 27 14:49:21 UTC 2025 TDSFU
TDSFU Daily run: Tue Oct 28 04:34:01 UTC 2025 TDSFU
TDSFU Daily run: Wed Oct 29 04:37:33 UTC 2025 TDSFU
TDSFU Daily run: Thu Oct 30 04:33:32 UTC 2025 TDSFU
TDSFU Daily run: Fri Oct 31 04:35:01 UTC 2025 TDSFU
TDSFU Daily run: Sat Nov  1 04:31:06 UTC 2025 TDSFU
TDSFU Daily run: Sun Nov  2 04:33:43 UTC 2025 TDSFU
TDSFU Daily run: Mon Nov  3 04:38:17 UTC 2025 TDSFU
TDSFU Daily run: Tue Nov  4 04:33:38 UTC 2025 TDSFU
TDSFU Daily run: Wed Nov  5 04:34:22 UTC 2025 TDSFU
TDSFU Daily run: Thu Nov  6 04:37:43 UTC 2025 TDSFU
